{"CEDAR": { "xOrVar_forgen": 0.0007710596260510772,  "g_metrics_forgen": 167.25182384809472,  "morph_forgen": 55.7511219891156,  "LBP32_forgen": 0.0004873070968726612,  "LBP64_forgen": 0.00010895433173264132,  "HoG32_forgen": 0.06630484371253294,  "HoG64_forgen": 0.06062576371461166, "HL32_forgen": 0.055335254276589564,  "HL64_forgen": 0.05053962881746514}, "Bengali": { "xOrVar_forgen": 0.00039322334418648975,  "g_metrics_forgen": 247.43385921055378,  "morph_forgen": 82.47821521908072,  "LBP32_forgen": 0.0003270212841029371,  "LBP64_forgen": 6.0834742326959465e-05,  "HoG32_forgen": 0.05702030986627669,  "HoG64_forgen": 0.04855163184338366,  "HL32_forgen": 0.0475714284359144,  "HL64_forgen": 0.04046983232654088}, "Hindi": { "xOrVar_forgen": 0.00024484479095869766,  "g_metrics_forgen": 274.1980184683711,  "morph_forgen": 91.39950271931768,  "LBP32_forgen": 0.0002691142982159112,  "LBP64_forgen": 4.6432875917429136e-05,  "HoG32_forgen": 0.06067318791198578, "HoG64_forgen": 0.04939483648400735,  "HL32_forgen": 0.0506058423096908,  "HL64_forgen": 0.04117010254932569}}