{"CEDAR": {"xOrVar_gengen": 0.0009131072519300567,  "g_metrics_gengen": 67.85418170257779,  "morph_gengen": 22.61866930569388,  "LBP32_gengen": 0.00032507492937014655,  "LBP64_gengen": 5.708505987937973e-05,  "HoG32_gengen": 0.06621870316708085,  "HoG64_gengen": 0.05712934783853273,  "HL32_gengen": 0.05523643179412907,  "HL64_gengen": 0.047617304042090504 }, "Bengali": {"xOrVar_gengen": 0.00030679453958886495,  "g_metrics_gengen": 67.30991094945169,  "morph_gengen": 22.436841512843625,  "LBP32_gengen": 0.00024101821682470952,  "LBP64_gengen": 3.729926958881281e-05,  "HoG32_gengen": 0.05726538205748445,  "HoG64_gengen": 0.04359423228741734,  "HL32_gengen": 0.047761321417374505,  "HL64_gengen": 0.03633474345111258}, "Hindi": {"xOrVar_gengen": 0.00026400729870458523,  "g_metrics_gengen": 53.05177417201755,  "morph_gengen": 17.684100728871655,  "LBP32_gengen": 0.00016545806091381167,  "LBP64_gengen": 2.525082890793433e-05,  "HoG32_gengen": 0.055072310686359434,  "HoG64_gengen": 0.04034731024330088,  "HL32_gengen": 0.04592116858211849,  "HL64_gengen": 0.03362696700756873}}