{"CEDAR": {"xOrVar_gengen": 0.0009131072519300567, "xOrVar_forgen": 0.0007710596260510772, "g_metrics_gengen": 67.85418170257779, "g_metrics_forgen": 167.25182384809472, "morph_gengen": 22.61866930569388, "morph_forgen": 55.7511219891156, "LBP32_gengen": 0.00032507492937014655, "LBP32_forgen": 0.0004873070968726612, "LBP64_gengen": 5.708505987937973e-05, "LBP64_forgen": 0.00010895433173264132, "HoG32_gengen": 0.06621870316708085, "HoG32_forgen": 0.06630484371253294, "HoG64_gengen": 0.05712934783853273, "HoG64_forgen": 0.06062576371461166, "HL32_gengen": 0.05523643179412907, "HL32_forgen": 0.055335254276589564, "HL64_gengen": 0.047617304042090504, "HL64_forgen": 0.05053962881746514}, "Bengali": {"xOrVar_gengen": 0.00030679453958886495, "xOrVar_forgen": 0.00039322334418648975, "g_metrics_gengen": 67.30991094945169, "g_metrics_forgen": 247.43385921055378, "morph_gengen": 22.436841512843625, "morph_forgen": 82.47821521908072, "LBP32_gengen": 0.00024101821682470952, "LBP32_forgen": 0.0003270212841029371, "LBP64_gengen": 3.729926958881281e-05, "LBP64_forgen": 6.0834742326959465e-05, "HoG32_gengen": 0.05726538205748445, "HoG32_forgen": 0.05702030986627669, "HoG64_gengen": 0.04359423228741734, "HoG64_forgen": 0.04855163184338366, "HL32_gengen": 0.047761321417374505, "HL32_forgen": 0.0475714284359144, "HL64_gengen": 0.03633474345111258, "HL64_forgen": 0.04046983232654088}, "Hindi": {"xOrVar_gengen": 0.00026400729870458523, "xOrVar_forgen": 0.00024484479095869766, "g_metrics_gengen": 53.05177417201755, "g_metrics_forgen": 274.1980184683711, "morph_gengen": 17.684100728871655, "morph_forgen": 91.39950271931768, "LBP32_gengen": 0.00016545806091381167, "LBP32_forgen": 0.0002691142982159112, "LBP64_gengen": 2.525082890793433e-05, "LBP64_forgen": 4.6432875917429136e-05, "HoG32_gengen": 0.055072310686359434, "HoG32_forgen": 0.06067318791198578, "HoG64_gengen": 0.04034731024330088, "HoG64_forgen": 0.04939483648400735, "HL32_gengen": 0.04592116858211849, "HL32_forgen": 0.0506058423096908, "HL64_gengen": 0.03362696700756873, "HL64_forgen": 0.04117010254932569}}